,battingPoints,bonusPoints,bowlingPoints,fieldingPoints,matchDesc,matchId,playerId,playerName,playerTeam,secondInningBattingPoints,secondInningBowlingPoints,secondInningFieldingPoints
0,5,60,0,0,mi vs csk,7894,1,Ms Dhoni (csk),csk,5,0,0
1,2,60,8,0,mi vs csk,7894,9,Ravindra Jadeja (csk),csk,2,0,0
2,4,35,0,0,mi vs csk,7894,14,Suresh Raina (csk),csk,4,0,0
3,117,60,19,0,mi vs csk,7894,25,Dwayne Bravo (csk),csk,117,0,0
4,27,60,0,10,mi vs csk,7894,100,Ambati Rayudu (csk),csk,27,0,0
5,8,25,13,10,mi vs csk,7894,103,Harbhajan Singh (csk),csk,8,0,0
6,7,70,0,10,mi vs csk,7894,107,Rohit Sharma (mi),mi,0,0,10
7,60,45,0,10,mi vs csk,7894,108,Suryakumar Yadav (mi),mi,0,0,10
8,-5,25,47,0,mi vs csk,7894,140,Deepak Chahar (csk),csk,-5,0,0
9,0,5,0,0,mi vs csk,7894,210,Kieron Pollard (mi),mi,0,0,0
10,23,85,72,0,mi vs csk,7894,227,Shane Watson (csk),csk,23,0,0
11,33,5,0,0,mi vs csk,7894,297,Kedar Jadhav (csk),csk,33,0,0
12,0,20,15,0,mi vs csk,7894,730,Mitchell Mcclenaghan (mi),mi,0,15,0
13,-5,20,0,10,mi vs csk,7894,872,Evin Lewis (mi),mi,0,0,10
14,2,20,14,0,mi vs csk,7894,898,Imran Tahir (csk),csk,2,0,0
15,0,20,35,10,mi vs csk,7894,1124,Jasprit Bumrah (mi),mi,0,35,10
16,0,5,18,10,mi vs csk,7894,1594,Mustafizur Rahman (mi),mi,0,18,10
17,27,45,102,0,mi vs csk,7894,2740,Hardik Pandya (mi),mi,0,102,0
18,1,5,-9,10,mi vs csk,7894,2749,Mark Wood (csk),csk,1,0,0
19,57,20,0,15,mi vs csk,7894,2975,Ishan Kishan (mi),mi,0,0,15
20,65,20,0,10,mi vs csk,7894,3183,Krunal Pandya (mi),mi,0,0,10
21,0,20,101,0,mi vs csk,7894,4951,Mayank Markande (mi),mi,0,101,0
22,0,15,0,0,mi vs csk,7894,1118,Karn Sharma (csk),csk,0,0,0
23,0,0,0,0,mi vs csk,7894,7,Murali Vijay (csk),csk,0,0,0
24,0,35,34,0,kxp vs dd,7895,8,Ravichandran Ashwin (kxp),kxp,0,0,0
25,0,10,-6,0,kxp vs dd,7895,30,Amit Mishra (dd),dd,0,-6,0
26,82,5,0,0,kxp vs dd,7895,84,Gautam Gambhir (dd),dd,0,0,0
27,0,5,-12,20,kxp vs dd,7895,94,Mohammed Shami (dd),dd,0,-12,20
28,-3,25,0,0,kxp vs dd,7895,113,Yuvraj Singh (kxp),kxp,-3,0,0
29,9,35,0,0,kxp vs dd,7895,158,Mayank Agarwal (kxp),kxp,9,0,0
30,20,5,36,0,kxp vs dd,7895,181,Dan Christian (dd),dd,0,36,0
31,29,10,0,0,kxp vs dd,7895,187,David Miller (kxp),kxp,29,0,0
32,84,35,0,0,kxp vs dd,7895,276,Karun Nair (kxp),kxp,84,0,0
33,4,10,0,0,kxp vs dd,7895,773,Colin Munro (dd),dd,0,0,0
34,49,0,33,0,kxp vs dd,7895,836,Chris Morris (dd),dd,0,33,0
35,27,10,10,0,kxp vs dd,7895,964,Marcus Stoinis (kxp),kxp,27,0,0
36,0,15,36,10,kxp vs dd,7895,969,Trent Boult (dd),dd,0,36,10
37,18,15,0,10,kxp vs dd,7895,1083,Vijay Shankar (dd),dd,0,0,10
38,0,15,60,0,kxp vs dd,7895,1107,Mohit Sharma (kxp),kxp,0,0,0
39,0,10,13,10,kxp vs dd,7895,1113,Axar Patel (kxp),kxp,0,0,0
40,94,85,0,10,kxp vs dd,7895,1125,Lokesh Rahul (kxp),kxp,94,0,0
41,0,35,12,10,kxp vs dd,7895,1480,Andrew Tye (kxp),kxp,0,0,0
42,18,40,0,0,kxp vs dd,7895,1563,Shreyas Iyer (dd),dd,0,0,0
43,9,10,39,0,kxp vs dd,7895,1749,Rahul Tewatia (dd),dd,0,39,0
44,55,40,0,0,kxp vs dd,7895,2972,Rishabh Pant (dd),dd,0,0,0
45,0,60,69,10,kxp vs dd,7895,4572,Mujeeb Ur Rahman (kxp),kxp,0,0,0
46,0,25,0,0,kxp vs dd,7895,167,Aaron Finch (kxp),kxp,0,0,0
47,0,15,0,0,kxp vs dd,7895,282,Glenn Maxwell (dd),dd,0,0,0
48,0,40,73,0,kkr vs rcb,7896,59,Umesh Yadav (rcb),rcb,0,73,0
49,66,15,0,0,kkr vs rcb,7896,72,Mandeep Singh (rcb),rcb,0,0,0
50,0,25,40,0,kkr vs rcb,7896,76,Piyush Chawla (kkr),kkr,0,0,0
51,50,25,0,0,kkr vs rcb,7896,102,Dinesh Karthik (kkr),kkr,50,0,0
52,0,15,11,0,kkr vs rcb,7896,111,Yuzvendra Chahal (rcb),rcb,0,11,0
53,20,25,0,0,kkr vs rcb,7896,127,Robin Uthappa (kkr),kkr,20,0,0
54,33,15,0,0,kkr vs rcb,7896,164,Virat Kohli (rcb),rcb,0,0,0
55,6,5,41,10,kkr vs rcb,7896,166,Vinay Kumar (kkr),kkr,6,0,0
56,22,25,17,10,kkr vs rcb,7896,177,Andre Russell (kkr),kkr,22,0,0
57,5,50,0,0,kkr vs rcb,7896,179,Chris Lynn (kkr),kkr,5,0,0
58,67,10,0,10,kkr vs rcb,7896,202,Brendon Mccullum (rcb),rcb,0,0,10
59,95,75,39,0,kkr vs rcb,7896,203,Sunil Narine (kkr),kkr,95,0,0
60,0,15,42,10,kkr vs rcb,7896,213,Mitchell Johnson (kkr),kkr,0,0,0
61,74,35,0,20,kkr vs rcb,7896,233,Ab De Villiers (rcb),rcb,0,0,20
62,0,25,-6,10,kkr vs rcb,7896,261,Kuldeep Yadav (kkr),kkr,0,0,0
63,4,15,0,10,kkr vs rcb,7896,834,Quinton De Kock (rcb),rcb,0,0,10
64,5,10,100,0,kkr vs rcb,7896,967,Chris Woakes (rcb),rcb,0,100,0
65,6,5,0,0,kkr vs rcb,7896,1564,Sarfaraz Khan (rcb),rcb,0,0,0
66,53,70,43,0,kkr vs rcb,7896,2738,Nitish Rana (kkr),kkr,53,0,0
67,0,15,14,0,kkr vs rcb,7896,2973,Washington Sundar (rcb),rcb,0,14,0
68,6,10,0,10,kkr vs rcb,7896,3830,Rinku Singh (kkr),kkr,6,0,0
69,0,5,11,0,kkr vs rcb,7896,3835,Kulwant Khejroliya (rcb),rcb,0,11,0
70,5,35,0,10,sh vs rr,7897,16,Wriddhiman Saha (sh),sh,5,0,0
71,115,60,0,0,sh vs rr,7897,41,Shikhar Dhawan (sh),sh,115,0,0
72,1,15,33,0,sh vs rr,7897,86,Jaydev Unadkat (rr),rr,0,33,0
73,0,35,0,20,sh vs rr,7897,96,Yusuf Pathan (sh),sh,0,0,0
74,3,15,22,0,sh vs rr,7897,101,Dhawal Kulkarni (rr),rr,0,22,0
75,0,20,40,0,sh vs rr,7897,116,Bhuvneshwar Kumar (sh),sh,0,0,0
76,0,35,0,10,sh vs rr,7897,123,Manish Pandey (sh),sh,0,0,0
77,18,15,0,0,sh vs rr,7897,135,Ajinkya Rahane (rr),rr,0,0,0
78,0,35,69,0,sh vs rr,7897,201,Shakib Al Hasan (sh),sh,0,0,0
79,64,65,0,0,sh vs rr,7897,258,Sanju Samson (rr),rr,0,0,0
80,53,85,0,20,sh vs rr,7897,440,Kane Williamson (sh),sh,53,0,0
81,6,15,0,0,sh vs rr,7897,509,Jos Buttler (rr),rr,0,0,0
82,1,10,9,10,sh vs rr,7897,921,Ben Laughlin (rr),rr,0,9,10
83,0,35,76,0,sh vs rr,7897,1086,Siddarth Kaul (sh),sh,0,0,0
84,5,15,-6,0,sh vs rr,7897,1154,Ben Stokes (rr),rr,0,-6,0
85,0,40,37,0,sh vs rr,7897,1521,Billy Stanlake (sh),sh,0,0,0
86,0,15,0,0,sh vs rr,7897,1556,Deepak Hooda (sh),sh,0,0,0
87,23,15,16,0,sh vs rr,7897,1748,Shreyas Gopal (rr),rr,0,16,0
88,0,110,41,20,sh vs rr,7897,2885,Rashid Khan (sh),sh,0,0,0
89,-5,15,8,0,sh vs rr,7897,3834,Krishnappa Gowtham (rr),rr,0,8,0
90,22,15,0,0,sh vs rr,7897,3838,Rahul Tripathi (rr),rr,0,0,0
91,4,10,22,0,sh vs rr,7897,3887,D Arcy Short (rr),rr,0,22,0
92,0,0,0,0,sh vs rr,7897,148,Stuart Binny (rr),rr,0,0,0
93,27,60,0,10,csk vs kkr,7898,1,Ms Dhoni (csk),csk,27,0,0
94,23,60,31,0,csk vs kkr,7898,9,Ravindra Jadeja (csk),csk,23,0,0
95,21,35,0,20,csk vs kkr,7898,14,Suresh Raina (csk),csk,21,0,0
96,28,60,-12,10,csk vs kkr,7898,25,Dwayne Bravo (csk),csk,28,0,0
97,0,25,10,0,csk vs kkr,7898,76,Piyush Chawla (kkr),kkr,0,10,0
98,63,60,0,0,csk vs kkr,7898,100,Ambati Rayudu (csk),csk,63,0,0
99,43,25,0,10,csk vs kkr,7898,102,Dinesh Karthik (kkr),kkr,0,0,10
100,0,25,35,0,csk vs kkr,7898,103,Harbhajan Singh (csk),csk,0,0,0
101,55,25,0,10,csk vs kkr,7898,127,Robin Uthappa (kkr),kkr,0,0,10
102,0,25,-13,0,csk vs kkr,7898,140,Deepak Chahar (csk),csk,0,0,0
103,0,5,-13,10,csk vs kkr,7898,166,Vinay Kumar (kkr),kkr,0,-13,10
104,155,25,12,0,csk vs kkr,7898,177,Andre Russell (kkr),kkr,0,12,0
105,27,50,0,0,csk vs kkr,7898,179,Chris Lynn (kkr),kkr,0,0,0
106,31,75,44,0,csk vs kkr,7898,203,Sunil Narine (kkr),kkr,0,44,0
107,73,85,62,0,csk vs kkr,7898,227,Shane Watson (csk),csk,73,0,0
108,0,25,30,0,csk vs kkr,7898,261,Kuldeep Yadav (kkr),kkr,0,30,0
109,0,20,21,0,csk vs kkr,7898,898,Imran Tahir (csk),csk,0,0,0
110,0,25,36,0,csk vs kkr,7898,1745,Shardul Thakur (csk),csk,0,0,0
111,21,70,0,0,csk vs kkr,7898,2738,Nitish Rana (kkr),kkr,0,0,0
112,101,45,0,0,csk vs kkr,7898,2756,Sam Billings (csk),csk,101,0,0
113,2,10,38,0,csk vs kkr,7898,3646,Tom Curran (kkr),kkr,0,38,0
114,2,10,0,10,csk vs kkr,7898,3830,Rinku Singh (kkr),kkr,0,0,10
115,0,15,0,0,csk vs kkr,7898,1118,Karn Sharma (csk),csk,0,0,0
116,0,0,0,0,csk vs kkr,7898,7,Murali Vijay (csk),csk,0,0,0
117,0,10,59,0,rr vs dd,7899,57,Shahbaz Nadeem (dd),dd,0,0,0
118,0,5,0,0,rr vs dd,7899,84,Gautam Gambhir (dd),dd,0,0,0
119,0,15,15,0,rr vs dd,7899,86,Jaydev Unadkat (rr),rr,0,15,0
120,0,5,40,0,rr vs dd,7899,94,Mohammed Shami (dd),dd,0,0,0
121,0,15,18,0,rr vs dd,7899,101,Dhawal Kulkarni (rr),rr,0,18,0
122,60,15,0,0,rr vs dd,7899,135,Ajinkya Rahane (rr),rr,0,0,0
123,61,65,0,0,rr vs dd,7899,258,Sanju Samson (rr),rr,0,0,0
124,24,15,0,0,rr vs dd,7899,282,Glenn Maxwell (dd),dd,24,0,0
125,53,15,0,10,rr vs dd,7899,509,Jos Buttler (rr),rr,0,0,10
126,-5,10,0,0,rr vs dd,7899,773,Colin Munro (dd),dd,-5,0,0
127,34,0,-5,10,rr vs dd,7899,836,Chris Morris (dd),dd,34,0,0
128,0,10,59,0,rr vs dd,7899,921,Ben Laughlin (rr),rr,0,59,0
129,0,15,34,0,rr vs dd,7899,969,Trent Boult (dd),dd,0,0,0
130,3,15,0,10,rr vs dd,7899,1083,Vijay Shankar (dd),dd,3,0,0
131,23,15,0,10,rr vs dd,7899,1154,Ben Stokes (rr),rr,0,0,10
132,0,40,0,0,rr vs dd,7899,1563,Shreyas Iyer (dd),dd,0,0,0
133,0,15,0,0,rr vs dd,7899,1748,Shreyas Gopal (rr),rr,0,0,0
134,0,10,16,0,rr vs dd,7899,1749,Rahul Tewatia (dd),dd,0,0,0
135,25,40,0,10,rr vs dd,7899,2972,Rishabh Pant (dd),dd,25,0,0
136,2,15,7,20,rr vs dd,7899,3834,Krishnappa Gowtham (rr),rr,0,7,20
137,22,15,0,0,rr vs dd,7899,3838,Rahul Tripathi (rr),rr,0,0,0
138,6,10,0,0,rr vs dd,7899,3887,D Arcy Short (rr),rr,0,0,0
139,0,0,0,0,rr vs dd,7899,148,Stuart Binny (rr),rr,0,0,0
140,27,35,0,0,sh vs mi,7900,16,Wriddhiman Saha (sh),sh,27,0,0
141,65,60,0,10,sh vs mi,7900,41,Shikhar Dhawan (sh),sh,65,0,0
142,0,0,10,0,sh vs mi,7900,91,Pradeep Sangwan (mi),mi,0,10,0
143,19,35,0,10,sh vs mi,7900,96,Yusuf Pathan (sh),sh,19,0,0
144,18,70,0,10,sh vs mi,7900,107,Rohit Sharma (mi),mi,0,0,10
145,30,45,0,0,sh vs mi,7900,108,Suryakumar Yadav (mi),mi,0,0,0
146,16,35,0,0,sh vs mi,7900,123,Manish Pandey (sh),sh,16,0,0
147,17,35,34,10,sh vs mi,7900,201,Shakib Al Hasan (sh),sh,17,0,0
148,47,5,0,10,sh vs mi,7900,210,Kieron Pollard (mi),mi,0,0,10
149,6,85,0,10,sh vs mi,7900,440,Kane Williamson (sh),sh,6,0,0
150,53,20,0,0,sh vs mi,7900,872,Evin Lewis (mi),mi,0,0,0
151,9,15,9,0,sh vs mi,7900,913,Ben Cutting (mi),mi,0,9,0
152,0,35,69,0,sh vs mi,7900,1086,Siddarth Kaul (sh),sh,0,0,0
153,0,25,73,0,sh vs mi,7900,1112,Sandeep Sharma (sh),sh,0,0,0
154,4,20,66,10,sh vs mi,7900,1124,Jasprit Bumrah (mi),mi,0,66,10
155,5,40,53,0,sh vs mi,7900,1521,Billy Stanlake (sh),sh,5,0,0
156,49,15,0,10,sh vs mi,7900,1556,Deepak Hooda (sh),sh,49,0,0
157,0,5,100,10,sh vs mi,7900,1594,Mustafizur Rahman (mi),mi,0,100,10
158,0,110,53,0,sh vs mi,7900,2885,Rashid Khan (sh),sh,0,0,0
159,9,20,0,20,sh vs mi,7900,2975,Ishan Kishan (mi),mi,0,0,20
160,25,20,18,10,sh vs mi,7900,3183,Krunal Pandya (mi),mi,0,18,10
161,6,20,131,0,sh vs mi,7900,4951,Mayank Markande (mi),mi,0,131,0
162,55,35,71,0,rcb vs kxp,7901,8,Ravichandran Ashwin (kxp),kxp,0,71,0
163,0,40,103,0,rcb vs kxp,7901,59,Umesh Yadav (rcb),rcb,0,0,0
164,27,15,0,0,rcb vs kxp,7901,72,Mandeep Singh (rcb),rcb,27,0,0
165,0,15,31,0,rcb vs kxp,7901,111,Yuzvendra Chahal (rcb),rcb,0,0,0
166,4,25,0,0,rcb vs kxp,7901,113,Yuvraj Singh (kxp),kxp,0,0,0
167,20,35,0,0,rcb vs kxp,7901,158,Mayank Agarwal (kxp),kxp,0,0,0
168,26,15,0,10,rcb vs kxp,7901,164,Virat Kohli (rcb),rcb,26,0,0
169,-5,25,0,0,rcb vs kxp,7901,167,Aaron Finch (kxp),kxp,0,0,0
170,-5,10,0,0,rcb vs kxp,7901,202,Brendon Mccullum (rcb),rcb,-5,0,0
171,90,35,0,0,rcb vs kxp,7901,233,Ab De Villiers (rcb),rcb,90,0,0
172,44,35,0,20,rcb vs kxp,7901,276,Karun Nair (kxp),kxp,0,0,20
173,62,15,0,40,rcb vs kxp,7901,834,Quinton De Kock (rcb),rcb,62,0,0
174,18,10,0,0,rcb vs kxp,7901,964,Marcus Stoinis (kxp),kxp,0,0,0
175,1,10,47,0,rcb vs kxp,7901,967,Chris Woakes (rcb),rcb,1,0,0
176,1,15,-12,0,rcb vs kxp,7901,1107,Mohit Sharma (kxp),kxp,0,-12,0
177,2,10,40,0,rcb vs kxp,7901,1113,Axar Patel (kxp),kxp,0,40,0
178,75,85,0,0,rcb vs kxp,7901,1125,Lokesh Rahul (kxp),kxp,0,0,0
179,7,35,37,0,rcb vs kxp,7901,1480,Andrew Tye (kxp),kxp,0,37,0
180,-5,5,0,20,rcb vs kxp,7901,1564,Sarfaraz Khan (rcb),rcb,-5,0,0
181,9,15,68,0,rcb vs kxp,7901,2973,Washington Sundar (rcb),rcb,9,0,0
182,0,5,63,0,rcb vs kxp,7901,3835,Kulwant Khejroliya (rcb),rcb,0,0,0
183,0,60,41,10,rcb vs kxp,7901,4572,Mujeeb Ur Rahman (kxp),kxp,0,41,10
184,0,10,-6,0,mi vs dd,7902,57,Shahbaz Nadeem (dd),dd,0,0,0
185,5,5,0,0,mi vs dd,7902,84,Gautam Gambhir (dd),dd,5,0,0
186,0,5,35,0,mi vs dd,7902,94,Mohammed Shami (dd),dd,0,0,0
187,23,70,0,10,mi vs dd,7902,107,Rohit Sharma (mi),mi,0,0,10
188,85,45,0,0,mi vs dd,7902,108,Suryakumar Yadav (mi),mi,0,0,0
189,0,5,45,0,mi vs dd,7902,181,Dan Christian (dd),dd,0,0,0
190,-5,5,0,10,mi vs dd,7902,210,Kieron Pollard (mi),mi,0,0,10
191,30,15,15,0,mi vs dd,7902,282,Glenn Maxwell (dd),dd,30,0,0
192,4,0,-4,0,mi vs dd,7902,588,Akila Dananjaya (mi),mi,0,-4,0
193,76,20,0,0,mi vs dd,7902,872,Evin Lewis (mi),mi,0,0,0
194,0,15,62,0,mi vs dd,7902,969,Trent Boult (dd),dd,0,0,0
195,0,15,0,0,mi vs dd,7902,1083,Vijay Shankar (dd),dd,0,0,0
196,0,20,19,0,mi vs dd,7902,1124,Jasprit Bumrah (mi),mi,0,19,0
197,44,40,0,10,mi vs dd,7902,1563,Shreyas Iyer (dd),dd,44,0,0
198,0,5,41,0,mi vs dd,7902,1594,Mustafizur Rahman (mi),mi,0,41,0
199,0,10,63,10,mi vs dd,7902,1749,Rahul Tewatia (dd),dd,0,0,0
200,143,30,0,20,mi vs dd,7902,1906,Jason Roy (dd),dd,143,0,0
201,2,45,-13,10,mi vs dd,7902,2740,Hardik Pandya (mi),mi,0,-13,10
202,71,40,0,0,mi vs dd,7902,2972,Rishabh Pant (dd),dd,71,0,0
203,68,20,0,0,mi vs dd,7902,2975,Ishan Kishan (mi),mi,0,0,0
204,16,20,68,0,mi vs dd,7902,3183,Krunal Pandya (mi),mi,0,68,0
205,4,20,-13,0,mi vs dd,7902,4951,Mayank Markande (mi),mi,0,-13,0
206,34,35,0,20,kkr vs sh,7903,16,Wriddhiman Saha (sh),sh,34,0,0
207,7,60,0,0,kkr vs sh,7903,41,Shikhar Dhawan (sh),sh,7,0,0
208,0,25,45,0,kkr vs sh,7903,76,Piyush Chawla (kkr),kkr,0,45,0
209,34,35,0,0,kkr vs sh,7903,96,Yusuf Pathan (sh),sh,34,0,0
210,46,25,0,10,kkr vs sh,7903,102,Dinesh Karthik (kkr),kkr,0,0,10
211,0,20,103,10,kkr vs sh,7903,116,Bhuvneshwar Kumar (sh),sh,0,0,0
212,4,35,0,20,kkr vs sh,7903,123,Manish Pandey (sh),sh,4,0,0
213,3,25,0,0,kkr vs sh,7903,127,Robin Uthappa (kkr),kkr,0,0,0
214,11,25,-11,10,kkr vs sh,7903,177,Andre Russell (kkr),kkr,0,-11,10
215,66,50,0,0,kkr vs sh,7903,179,Chris Lynn (kkr),kkr,0,0,0
216,44,35,71,20,kkr vs sh,7903,201,Shakib Al Hasan (sh),sh,44,0,0
217,9,75,76,0,kkr vs sh,7903,203,Sunil Narine (kkr),kkr,0,76,0
218,4,15,34,0,kkr vs sh,7903,213,Mitchell Johnson (kkr),kkr,0,34,0
219,0,25,38,0,kkr vs sh,7903,261,Kuldeep Yadav (kkr),kkr,0,38,0
220,77,85,0,10,kkr vs sh,7903,440,Kane Williamson (sh),sh,77,0,0
221,0,35,35,0,kkr vs sh,7903,1086,Siddarth Kaul (sh),sh,0,0,0
222,0,40,75,0,kkr vs sh,7903,1521,Billy Stanlake (sh),sh,0,0,0
223,5,15,0,0,kkr vs sh,7903,1556,Deepak Hooda (sh),sh,5,0,0
224,25,70,0,0,kkr vs sh,7903,2738,Nitish Rana (kkr),kkr,0,0,0
225,0,110,15,0,kkr vs sh,7903,2885,Rashid Khan (sh),sh,0,0,0
226,3,20,0,0,kkr vs sh,7903,3761,Shubman Gill (kkr),kkr,0,0,0
227,7,20,6,0,kkr vs sh,7903,3779,Shivam Mavi (kkr),kkr,0,6,0
228,3,0,-13,0,rcb vs rr,7904,53,Pawan Negi (rcb),rcb,3,0,0
229,0,40,-10,10,rcb vs rr,7904,59,Umesh Yadav (rcb),rcb,0,0,0
230,69,15,0,0,rcb vs rr,7904,72,Mandeep Singh (rcb),rcb,69,0,0
231,0,15,-8,20,rcb vs rr,7904,86,Jaydev Unadkat (rr),rr,0,-8,20
232,0,15,-14,0,rcb vs rr,7904,101,Dhawal Kulkarni (rr),rr,0,-14,0
233,0,15,72,0,rcb vs rr,7904,111,Yuzvendra Chahal (rcb),rcb,0,0,0
234,58,15,0,0,rcb vs rr,7904,135,Ajinkya Rahane (rr),rr,0,0,0
235,91,15,0,10,rcb vs rr,7904,164,Virat Kohli (rcb),rcb,91,0,0
236,4,10,0,0,rcb vs rr,7904,202,Brendon Mccullum (rcb),rcb,4,0,0
237,27,35,0,0,rcb vs rr,7904,233,Ab De Villiers (rcb),rcb,27,0,0
238,157,65,0,0,rcb vs rr,7904,258,Sanju Samson (rr),rr,0,0,0
239,35,15,0,10,rcb vs rr,7904,509,Jos Buttler (rr),rr,0,0,10
240,41,15,0,10,rcb vs rr,7904,834,Quinton De Kock (rcb),rcb,41,0,0
241,0,10,15,0,rcb vs rr,7904,921,Ben Laughlin (rr),rr,0,15,0
242,0,10,47,0,rcb vs rr,7904,967,Chris Woakes (rcb),rcb,0,0,0
243,44,15,17,10,rcb vs rr,7904,1154,Ben Stokes (rr),rr,0,17,10
244,0,15,71,0,rcb vs rr,7904,1748,Shreyas Gopal (rr),rr,0,71,0
245,61,15,17,0,rcb vs rr,7904,2973,Washington Sundar (rcb),rcb,61,0,0
246,0,15,33,0,rcb vs rr,7904,3834,Krishnappa Gowtham (rr),rr,0,33,0
247,0,5,-11,0,rcb vs rr,7904,3835,Kulwant Khejroliya (rcb),rcb,0,0,0
248,31,15,0,0,rcb vs rr,7904,3838,Rahul Tripathi (rr),rr,0,0,0
249,-4,10,26,10,rcb vs rr,7904,3887,D Arcy Short (rr),rr,0,26,10
250,129,60,0,20,kxp vs csk,7905,1,Ms Dhoni (csk),csk,129,0,0
251,19,0,0,0,kxp vs csk,7905,7,Murali Vijay (csk),csk,19,0,0
252,21,35,36,20,kxp vs csk,7905,8,Ravichandran Ashwin (kxp),kxp,0,36,20
253,26,60,0,20,kxp vs csk,7905,9,Ravindra Jadeja (csk),csk,26,0,0
254,1,60,29,10,kxp vs csk,7905,25,Dwayne Bravo (csk),csk,1,0,0
255,66,60,0,0,kxp vs csk,7905,100,Ambati Rayudu (csk),csk,66,0,0
256,0,25,18,0,kxp vs csk,7905,103,Harbhajan Singh (csk),csk,0,0,0
257,32,25,5,0,kxp vs csk,7905,113,Yuvraj Singh (kxp),kxp,0,5,0
258,0,25,-7,0,kxp vs csk,7905,140,Deepak Chahar (csk),csk,0,0,0
259,54,35,0,0,kxp vs csk,7905,158,Mayank Agarwal (kxp),kxp,0,0,0
260,-5,25,0,0,kxp vs csk,7905,167,Aaron Finch (kxp),kxp,0,0,0
261,16,85,33,0,kxp vs csk,7905,227,Shane Watson (csk),csk,16,0,0
262,101,75,0,0,kxp vs csk,7905,236,Chris Gayle (kxp),kxp,0,0,0
263,51,35,0,0,kxp vs csk,7905,276,Karun Nair (kxp),kxp,0,0,0
264,0,20,66,10,kxp vs csk,7905,898,Imran Tahir (csk),csk,0,0,0
265,0,15,18,0,kxp vs csk,7905,1107,Mohit Sharma (kxp),kxp,0,18,0
266,57,85,0,0,kxp vs csk,7905,1125,Lokesh Rahul (kxp),kxp,0,0,0
267,3,35,45,0,kxp vs csk,7905,1480,Andrew Tye (kxp),kxp,0,45,0
268,0,25,44,0,kxp vs csk,7905,1745,Shardul Thakur (csk),csk,0,0,0
269,0,25,15,20,kxp vs csk,7905,2746,Barinder Sran (kxp),kxp,0,15,20
270,9,45,0,0,kxp vs csk,7905,2756,Sam Billings (csk),csk,9,0,0
271,0,60,15,0,kxp vs csk,7905,4572,Mujeeb Ur Rahman (kxp),kxp,0,15,0
272,6,10,17,10,kkr vs dd,7906,57,Shahbaz Nadeem (dd),dd,6,0,0
273,0,25,35,10,kkr vs dd,7906,76,Piyush Chawla (kkr),kkr,0,35,10
274,8,5,0,10,kkr vs dd,7906,84,Gautam Gambhir (dd),dd,8,0,0
275,7,5,10,0,kkr vs dd,7906,94,Mohammed Shami (dd),dd,7,0,0
276,31,25,0,15,kkr vs dd,7906,102,Dinesh Karthik (kkr),kkr,0,0,15
277,61,25,0,10,kkr vs dd,7906,127,Robin Uthappa (kkr),kkr,0,0,10
278,78,25,10,20,kkr vs dd,7906,177,Andre Russell (kkr),kkr,0,10,20
279,48,50,0,0,kkr vs dd,7906,179,Chris Lynn (kkr),kkr,0,0,0
280,1,75,96,0,kkr vs dd,7906,203,Sunil Narine (kkr),kkr,0,96,0
281,0,25,91,10,kkr vs dd,7906,261,Kuldeep Yadav (kkr),kkr,0,91,10
282,80,15,0,20,kkr vs dd,7906,282,Glenn Maxwell (dd),dd,80,0,0
283,2,0,51,10,kkr vs dd,7906,836,Chris Morris (dd),dd,2,0,0
284,0,15,93,10,kkr vs dd,7906,969,Trent Boult (dd),dd,0,0,0
285,2,15,-8,0,kkr vs dd,7906,1083,Vijay Shankar (dd),dd,2,0,0
286,4,40,0,0,kkr vs dd,7906,1563,Shreyas Iyer (dd),dd,4,0,0
287,1,10,100,0,kkr vs dd,7906,1749,Rahul Tewatia (dd),dd,1,0,0
288,1,30,0,10,kkr vs dd,7906,1906,Jason Roy (dd),dd,1,0,0
289,97,70,0,10,kkr vs dd,7906,2738,Nitish Rana (kkr),kkr,0,0,10
290,65,40,0,10,kkr vs dd,7906,2972,Rishabh Pant (dd),dd,65,0,0
291,2,10,14,0,kkr vs dd,7906,3646,Tom Curran (kkr),kkr,0,14,0
292,6,20,0,0,kkr vs dd,7906,3761,Shubman Gill (kkr),kkr,0,0,0
293,0,20,36,0,kkr vs dd,7906,3779,Shivam Mavi (kkr),kkr,0,36,0
294,1,40,65,0,mi vs rcb,7907,59,Umesh Yadav (rcb),rcb,1,0,0
295,21,15,0,0,mi vs rcb,7907,72,Mandeep Singh (rcb),rcb,21,0,0
296,144,70,0,10,mi vs rcb,7907,107,Rohit Sharma (mi),mi,0,0,10
297,-5,45,0,10,mi vs rcb,7907,108,Suryakumar Yadav (mi),mi,0,0,10
298,0,15,-3,0,mi vs rcb,7907,111,Yuzvendra Chahal (rcb),rcb,0,0,0
299,135,15,0,0,mi vs rcb,7907,164,Virat Kohli (rcb),rcb,135,0,0
300,5,5,0,0,mi vs rcb,7907,210,Kieron Pollard (mi),mi,0,0,0
301,1,35,0,10,mi vs rcb,7907,233,Ab De Villiers (rcb),rcb,1,0,0
302,0,20,64,0,mi vs rcb,7907,730,Mitchell Mcclenaghan (mi),mi,0,64,0
303,31,15,0,10,mi vs rcb,7907,834,Quinton De Kock (rcb),rcb,31,0,0
304,105,20,0,0,mi vs rcb,7907,872,Evin Lewis (mi),mi,0,0,0
305,18,10,19,20,mi vs rcb,7907,967,Chris Woakes (rcb),rcb,18,0,0
306,-5,5,50,20,mi vs rcb,7907,968,Corey Anderson (rcb),rcb,-5,0,0
307,0,20,72,0,mi vs rcb,7907,1124,Jasprit Bumrah (mi),mi,0,72,0
308,5,5,0,0,mi vs rcb,7907,1564,Sarfaraz Khan (rcb),rcb,5,0,0
309,0,5,-12,0,mi vs rcb,7907,1594,Mustafizur Rahman (mi),mi,0,-12,0
310,36,45,17,10,mi vs rcb,7907,2740,Hardik Pandya (mi),mi,0,17,10
311,7,15,-13,0,mi vs rcb,7907,2973,Washington Sundar (rcb),rcb,7,0,0
312,-5,20,0,15,mi vs rcb,7907,2975,Ishan Kishan (mi),mi,0,0,15
313,22,20,99,10,mi vs rcb,7907,3183,Krunal Pandya (mi),mi,0,99,10
314,10,10,16,0,mi vs rcb,7907,3840,Mohammed Siraj (rcb),rcb,10,0,0
315,0,20,39,0,mi vs rcb,7907,4951,Mayank Markande (mi),mi,0,39,0
316,0,25,45,0,rr vs kkr,7908,76,Piyush Chawla (kkr),kkr,0,0,0
317,0,15,-6,10,rr vs kkr,7908,86,Jaydev Unadkat (rr),rr,0,-6,10
318,3,15,10,0,rr vs kkr,7908,101,Dhawal Kulkarni (rr),rr,0,10,0
319,66,25,0,15,rr vs kkr,7908,102,Dinesh Karthik (kkr),kkr,66,0,0
320,67,25,0,0,rr vs kkr,7908,127,Robin Uthappa (kkr),kkr,67,0,0
321,58,15,0,0,rr vs kkr,7908,135,Ajinkya Rahane (rr),rr,0,0,0
322,0,25,0,10,rr vs kkr,7908,177,Andre Russell (kkr),kkr,0,0,0
323,-5,50,0,0,rr vs kkr,7908,179,Chris Lynn (kkr),kkr,-5,0,0
324,52,75,-4,0,rr vs kkr,7908,203,Sunil Narine (kkr),kkr,52,0,0
325,7,65,0,0,rr vs kkr,7908,258,Sanju Samson (rr),rr,0,0,0
326,0,25,39,10,rr vs kkr,7908,261,Kuldeep Yadav (kkr),kkr,0,0,0
327,29,15,0,0,rr vs kkr,7908,509,Jos Buttler (rr),rr,0,0,0
328,0,10,10,0,rr vs kkr,7908,921,Ben Laughlin (rr),rr,0,10,0
329,21,15,9,10,rr vs kkr,7908,1154,Ben Stokes (rr),rr,0,9,10
330,-5,15,17,0,rr vs kkr,7908,1748,Shreyas Gopal (rr),rr,0,17,0
331,52,70,64,10,rr vs kkr,7908,2738,Nitish Rana (kkr),kkr,52,0,0
332,0,10,58,0,rr vs kkr,7908,3646,Tom Curran (kkr),kkr,0,0,0
333,0,20,0,10,rr vs kkr,7908,3761,Shubman Gill (kkr),kkr,0,0,0
334,0,20,34,20,rr vs kkr,7908,3779,Shivam Mavi (kkr),kkr,0,0,0
335,24,15,72,0,rr vs kkr,7908,3834,Krishnappa Gowtham (rr),rr,0,72,0
336,20,15,0,0,rr vs kkr,7908,3838,Rahul Tripathi (rr),rr,0,0,0
337,61,10,0,0,rr vs kkr,7908,3887,D Arcy Short (rr),rr,0,0,0
338,0,35,-14,0,kxp vs sh,7909,8,Ravichandran Ashwin (kxp),kxp,0,-14,0
339,6,35,0,0,kxp vs sh,7909,16,Wriddhiman Saha (sh),sh,6,0,0
340,0,60,0,10,kxp vs sh,7909,41,Shikhar Dhawan (sh),sh,0,0,0
341,24,35,0,0,kxp vs sh,7909,96,Yusuf Pathan (sh),sh,24,0,0
342,0,25,0,0,kxp vs sh,7909,113,Yuvraj Singh (kxp),kxp,0,0,0
343,0,20,40,0,kxp vs sh,7909,116,Bhuvneshwar Kumar (sh),sh,0,0,0
344,84,35,0,0,kxp vs sh,7909,123,Manish Pandey (sh),sh,84,0,0
345,35,35,0,0,kxp vs sh,7909,158,Mayank Agarwal (kxp),kxp,0,0,0
346,31,25,0,10,kxp vs sh,7909,167,Aaron Finch (kxp),kxp,0,0,10
347,43,35,-13,0,kxp vs sh,7909,201,Shakib Al Hasan (sh),sh,43,0,0
348,176,75,0,0,kxp vs sh,7909,236,Chris Gayle (kxp),kxp,0,0,0
349,48,35,0,0,kxp vs sh,7909,276,Karun Nair (kxp),kxp,0,0,0
350,83,85,0,0,kxp vs sh,7909,440,Kane Williamson (sh),sh,83,0,0
351,0,35,29,0,kxp vs sh,7909,1086,Siddarth Kaul (sh),sh,0,0,0
352,0,15,39,0,kxp vs sh,7909,1107,Mohit Sharma (kxp),kxp,0,39,0
353,8,85,0,0,kxp vs sh,7909,1125,Lokesh Rahul (kxp),kxp,0,0,0
354,0,0,21,0,kxp vs sh,7909,1299,Chris Jordan (sh),sh,0,0,0
355,0,35,70,0,kxp vs sh,7909,1480,Andrew Tye (kxp),kxp,0,70,0
356,5,15,15,10,kxp vs sh,7909,1556,Deepak Hooda (sh),sh,5,0,0
357,0,25,21,0,kxp vs sh,7909,2746,Barinder Sran (kxp),kxp,0,21,0
358,0,110,13,0,kxp vs sh,7909,2885,Rashid Khan (sh),sh,0,0,0
359,0,60,15,0,kxp vs sh,7909,4572,Mujeeb Ur Rahman (kxp),kxp,0,15,0
360,0,40,0,0,kxp vs sh,7909,1521,Billy Stanlake (sh),sh,0,0,0
361,5,60,0,20,csk vs rr,7910,1,Ms Dhoni (csk),csk,0,0,20
362,2,60,11,0,csk vs rr,7910,9,Ravindra Jadeja (csk),csk,0,11,0
363,66,35,0,0,csk vs rr,7910,14,Suresh Raina (csk),csk,0,0,0
364,34,60,62,0,csk vs rr,7910,25,Dwayne Bravo (csk),csk,0,62,0
365,26,15,13,0,csk vs rr,7910,86,Jaydev Unadkat (rr),rr,26,0,0
366,22,60,0,0,csk vs rr,7910,100,Ambati Rayudu (csk),csk,0,0,0
367,23,15,0,0,csk vs rr,7910,135,Ajinkya Rahane (rr),rr,23,0,0
368,0,25,69,0,csk vs rr,7910,140,Deepak Chahar (csk),csk,0,69,0
369,15,0,-13,0,csk vs rr,7910,148,Stuart Binny (rr),rr,15,0,0
370,168,85,44,0,csk vs rr,7910,227,Shane Watson (csk),csk,0,44,0
371,2,65,0,0,csk vs rr,7910,258,Sanju Samson (rr),rr,2,0,0
372,29,15,0,20,csk vs rr,7910,509,Jos Buttler (rr),rr,29,0,0
373,0,20,14,10,csk vs rr,7910,898,Imran Tahir (csk),csk,0,14,10
374,0,10,60,0,csk vs rr,7910,921,Ben Laughlin (rr),rr,0,0,0
375,0,15,57,10,csk vs rr,7910,1118,Karn Sharma (csk),csk,0,57,10
376,62,15,-11,10,csk vs rr,7910,1154,Ben Stokes (rr),rr,62,0,0
377,0,25,69,10,csk vs rr,7910,1745,Shardul Thakur (csk),csk,0,69,10
378,8,15,107,0,csk vs rr,7910,1748,Shreyas Gopal (rr),rr,8,0,0
379,3,45,0,20,csk vs rr,7910,2756,Sam Billings (csk),csk,0,0,20
380,1,15,-7,20,csk vs rr,7910,3834,Krishnappa Gowtham (rr),rr,1,0,0
381,5,15,0,0,csk vs rr,7910,3838,Rahul Tripathi (rr),rr,5,0,0
382,7,5,0,0,csk vs rr,7910,3869,Heinrich Klaasen (rr),rr,7,0,0
383,0,35,30,0,kkr vs kxp,7911,8,Ravichandran Ashwin (kxp),kxp,0,0,0
384,2,25,-6,0,kkr vs kxp,7911,76,Piyush Chawla (kkr),kkr,0,-6,0
385,63,25,0,0,kkr vs kxp,7911,102,Dinesh Karthik (kkr),kkr,0,0,0
386,0,25,-15,0,kkr vs kxp,7911,113,Yuvraj Singh (kxp),kxp,0,0,0
387,51,25,0,0,kkr vs kxp,7911,127,Robin Uthappa (kkr),kkr,0,0,0
388,2,35,0,0,kkr vs kxp,7911,158,Mayank Agarwal (kxp),kxp,2,0,0
389,0,25,0,0,kkr vs kxp,7911,167,Aaron Finch (kxp),kxp,0,0,0
390,15,25,-13,0,kkr vs kxp,7911,177,Andre Russell (kkr),kkr,0,-13,0
391,112,50,0,0,kkr vs kxp,7911,179,Chris Lynn (kkr),kkr,0,0,0
392,1,75,39,0,kkr vs kxp,7911,203,Sunil Narine (kkr),kkr,0,39,0
393,104,75,0,0,kkr vs kxp,7911,236,Chris Gayle (kxp),kxp,104,0,0
394,0,25,-14,0,kkr vs kxp,7911,261,Kuldeep Yadav (kkr),kkr,0,-14,0
395,0,35,0,30,kkr vs kxp,7911,276,Karun Nair (kxp),kxp,0,0,0
396,0,70,-4,20,kkr vs kxp,7911,1106,Ankit Rajpoot (kxp),kxp,0,0,0
397,99,85,0,10,kkr vs kxp,7911,1125,Lokesh Rahul (kxp),kxp,99,0,0
398,0,35,69,10,kkr vs kxp,7911,1480,Andrew Tye (kxp),kxp,0,0,0
399,3,70,1,0,kkr vs kxp,7911,2738,Nitish Rana (kkr),kkr,0,1,0
400,0,25,42,0,kkr vs kxp,7911,2746,Barinder Sran (kxp),kxp,0,0,0
401,1,10,0,10,kkr vs kxp,7911,3646,Tom Curran (kkr),kkr,0,0,10
402,24,20,0,0,kkr vs kxp,7911,3761,Shubman Gill (kkr),kkr,0,0,0
403,0,20,13,0,kkr vs kxp,7911,3779,Shivam Mavi (kkr),kkr,0,13,0
404,0,60,39,0,kkr vs kxp,7911,4572,Mujeeb Ur Rahman (kxp),kxp,0,0,0
405,0,10,-12,0,rcb vs dd,7912,57,Shahbaz Nadeem (dd),dd,0,-12,0
406,0,40,41,0,rcb vs dd,7912,59,Umesh Yadav (rcb),rcb,0,0,0
407,29,15,0,0,rcb vs dd,7912,72,Mandeep Singh (rcb),rcb,29,0,0
408,3,5,0,0,rcb vs dd,7912,84,Gautam Gambhir (dd),dd,0,0,0
409,0,15,70,10,rcb vs dd,7912,111,Yuzvendra Chahal (rcb),rcb,0,0,0
410,0,0,13,0,rcb vs dd,7912,157,Harshal Patel (dd),dd,0,13,0
411,47,15,0,0,rcb vs dd,7912,164,Virat Kohli (rcb),rcb,47,0,0
412,145,35,0,10,rcb vs dd,7912,233,Ab De Villiers (rcb),rcb,145,0,0
413,4,15,36,0,rcb vs dd,7912,282,Glenn Maxwell (dd),dd,0,36,0
414,25,15,0,0,rcb vs dd,7912,834,Quinton De Kock (rcb),rcb,25,0,0
415,0,0,-3,0,rcb vs dd,7912,836,Chris Morris (dd),dd,0,-3,0
416,0,10,14,0,rcb vs dd,7912,967,Chris Woakes (rcb),rcb,0,0,0
417,22,5,29,0,rcb vs dd,7912,968,Corey Anderson (rcb),rcb,22,0,0
418,0,15,31,10,rcb vs dd,7912,969,Trent Boult (dd),dd,0,31,10
419,0,15,0,10,rcb vs dd,7912,1083,Vijay Shankar (dd),dd,0,0,10
420,2,10,0,0,rcb vs dd,7912,1085,Manan Vohra (rcb),rcb,2,0,0
421,88,40,0,0,rcb vs dd,7912,1563,Shreyas Iyer (dd),dd,0,0,0
422,18,10,7,0,rcb vs dd,7912,1749,Rahul Tewatia (dd),dd,0,7,0
423,5,30,0,10,rcb vs dd,7912,1906,Jason Roy (dd),dd,0,0,10
424,139,40,0,10,rcb vs dd,7912,2972,Rishabh Pant (dd),dd,0,0,10
425,0,15,36,0,rcb vs dd,7912,2973,Washington Sundar (rcb),rcb,0,0,0
426,0,10,15,20,rcb vs dd,7912,3840,Mohammed Siraj (rcb),rcb,0,0,0
427,52,60,0,0,sh vs csk,7913,1,Ms Dhoni (csk),csk,0,0,0
428,0,60,16,20,sh vs csk,7913,9,Ravindra Jadeja (csk),csk,0,16,20
429,83,35,0,20,sh vs csk,7913,14,Suresh Raina (csk),csk,0,0,20
430,5,35,0,15,sh vs csk,7913,16,Wriddhiman Saha (sh),sh,5,0,0
431,1,10,0,0,sh vs csk,7913,24,Faf Du Plessis (csk),csk,0,0,0
432,0,60,10,0,sh vs csk,7913,25,Dwayne Bravo (csk),csk,0,10,0
433,73,35,0,0,sh vs csk,7913,96,Yusuf Pathan (sh),sh,73,0,0
434,132,60,0,0,sh vs csk,7913,100,Ambati Rayudu (csk),csk,0,0,0
435,0,20,39,0,sh vs csk,7913,116,Bhuvneshwar Kumar (sh),sh,0,0,0
436,-5,35,0,0,sh vs csk,7913,123,Manish Pandey (sh),sh,-5,0,0
437,0,25,132,0,sh vs csk,7913,140,Deepak Chahar (csk),csk,0,132,0
438,31,35,15,0,sh vs csk,7913,201,Shakib Al Hasan (sh),sh,31,0,0
439,11,85,-8,10,sh vs csk,7913,227,Shane Watson (csk),csk,0,-8,10
440,134,85,0,10,sh vs csk,7913,440,Kane Williamson (sh),sh,134,0,0
441,0,35,12,0,sh vs csk,7913,1086,Siddarth Kaul (sh),sh,0,0,0
442,0,15,30,10,sh vs csk,7913,1118,Karn Sharma (csk),csk,0,30,10
443,0,40,17,0,sh vs csk,7913,1521,Billy Stanlake (sh),sh,0,0,0
444,-5,0,0,0,sh vs csk,7913,1555,Ricky Bhui (sh),sh,-5,0,0
445,1,15,11,10,sh vs csk,7913,1556,Deepak Hooda (sh),sh,1,0,0
446,0,25,19,0,sh vs csk,7913,1745,Shardul Thakur (csk),csk,0,19,0
447,0,45,0,0,sh vs csk,7913,2756,Sam Billings (csk),csk,0,0,0
448,36,110,10,0,sh vs csk,7913,2885,Rashid Khan (sh),sh,36,0,0
449,0,15,39,0,rr vs mi,7914,86,Jaydev Unadkat (rr),rr,0,0,0
450,0,15,72,0,rr vs mi,7914,101,Dhawal Kulkarni (rr),rr,0,0,0
451,-5,70,0,0,rr vs mi,7914,107,Rohit Sharma (mi),mi,0,0,0
452,108,45,0,10,rr vs mi,7914,108,Suryakumar Yadav (mi),mi,0,0,10
453,4,15,0,10,rr vs mi,7914,135,Ajinkya Rahane (rr),rr,4,0,0
454,28,5,0,0,rr vs mi,7914,210,Kieron Pollard (mi),mi,0,0,0
455,77,65,0,0,rr vs mi,7914,258,Sanju Samson (rr),rr,77,0,0
456,6,15,0,20,rr vs mi,7914,509,Jos Buttler (rr),rr,6,0,0
457,0,20,15,0,rr vs mi,7914,730,Mitchell Mcclenaghan (mi),mi,0,15,0
458,-5,20,0,0,rr vs mi,7914,872,Evin Lewis (mi),mi,0,0,0
459,0,20,70,0,rr vs mi,7914,1124,Jasprit Bumrah (mi),mi,0,70,0
460,57,15,-5,0,rr vs mi,7914,1154,Ben Stokes (rr),rr,57,0,0
461,0,5,31,0,rr vs mi,7914,1594,Mustafizur Rahman (mi),mi,0,31,0
462,0,15,-14,0,rr vs mi,7914,1748,Shreyas Gopal (rr),rr,0,0,0
463,4,45,59,20,rr vs mi,7914,2740,Hardik Pandya (mi),mi,0,59,20
464,89,20,0,10,rr vs mi,7914,2975,Ishan Kishan (mi),mi,0,0,10
465,7,20,30,10,rr vs mi,7914,3183,Krunal Pandya (mi),mi,0,30,10
466,8,30,103,0,rr vs mi,7914,3502,Jofra Archer (rr),rr,8,0,0
467,62,15,15,0,rr vs mi,7914,3834,Krishnappa Gowtham (rr),rr,62,0,0
468,9,15,0,0,rr vs mi,7914,3838,Rahul Tripathi (rr),rr,9,0,0
469,-5,5,0,10,rr vs mi,7914,3869,Heinrich Klaasen (rr),rr,-5,0,0
470,0,20,13,0,rr vs mi,7914,4951,Mayank Markande (mi),mi,0,13,0
471,6,35,23,0,dd vs kxp,7915,8,Ravichandran Ashwin (kxp),kxp,0,23,0
472,1,10,12,0,dd vs kxp,7915,30,Amit Mishra (dd),dd,1,0,0
473,4,5,0,0,dd vs kxp,7915,84,Gautam Gambhir (dd),dd,4,0,0
474,4,25,0,0,dd vs kxp,7915,113,Yuvraj Singh (kxp),kxp,0,0,0
475,26,35,0,0,dd vs kxp,7915,158,Mayank Agarwal (kxp),kxp,0,0,0
476,2,25,0,20,dd vs kxp,7915,167,Aaron Finch (kxp),kxp,0,0,20
477,6,5,38,0,dd vs kxp,7915,181,Dan Christian (dd),dd,6,0,0
478,43,10,0,0,dd vs kxp,7915,187,David Miller (kxp),kxp,0,0,0
479,49,35,0,20,dd vs kxp,7915,276,Karun Nair (kxp),kxp,0,0,20
480,19,15,17,0,dd vs kxp,7915,282,Glenn Maxwell (dd),dd,19,0,0
481,0,15,69,0,dd vs kxp,7915,969,Trent Boult (dd),dd,0,0,0
482,0,70,75,0,dd vs kxp,7915,1106,Ankit Rajpoot (kxp),kxp,0,75,0
483,35,85,0,10,dd vs kxp,7915,1125,Lokesh Rahul (kxp),kxp,0,0,10
484,3,35,71,10,dd vs kxp,7915,1480,Andrew Tye (kxp),kxp,0,71,10
485,0,10,64,10,dd vs kxp,7915,1561,Avesh Khan (dd),dd,0,0,0
486,84,40,0,20,dd vs kxp,7915,1563,Shreyas Iyer (dd),dd,84,0,0
487,31,10,11,10,dd vs kxp,7915,1749,Rahul Tewatia (dd),dd,31,0,0
488,0,10,107,10,dd vs kxp,7915,1842,Liam Plunkett (dd),dd,0,0,0
489,0,25,15,0,dd vs kxp,7915,2746,Barinder Sran (kxp),kxp,0,15,0
490,4,40,0,10,dd vs kxp,7915,2972,Rishabh Pant (dd),dd,4,0,0
491,37,10,0,0,dd vs kxp,7915,3764,Prithvi Shaw (dd),dd,37,0,0
492,0,60,72,0,dd vs kxp,7915,4572,Mujeeb Ur Rahman (kxp),kxp,0,72,0
493,-5,35,0,0,mi vs sh,7916,16,Wriddhiman Saha (sh),sh,0,0,0
494,5,60,0,20,mi vs sh,7916,41,Shikhar Dhawan (sh),sh,0,0,20
495,31,35,0,0,mi vs sh,7916,96,Yusuf Pathan (sh),sh,0,0,0
496,2,70,0,10,mi vs sh,7916,107,Rohit Sharma (mi),mi,2,0,0
497,34,45,0,10,mi vs sh,7916,108,Suryakumar Yadav (mi),mi,34,0,0
498,21,35,0,10,mi vs sh,7916,123,Manish Pandey (sh),sh,0,0,10
499,2,35,38,0,mi vs sh,7916,201,Shakib Al Hasan (sh),sh,0,38,0
500,11,5,0,0,mi vs sh,7916,210,Kieron Pollard (mi),mi,11,0,0
501,44,85,0,0,mi vs sh,7916,440,Kane Williamson (sh),sh,0,0,0
502,19,5,38,0,mi vs sh,7916,618,Mohammad Nabi (sh),sh,0,38,0
503,0,20,71,0,mi vs sh,7916,730,Mitchell Mcclenaghan (mi),mi,0,0,0
504,5,20,0,0,mi vs sh,7916,872,Evin Lewis (mi),mi,5,0,0
505,2,35,103,0,mi vs sh,7916,1086,Siddarth Kaul (sh),sh,0,103,0
506,0,25,49,0,mi vs sh,7916,1112,Sandeep Sharma (sh),sh,0,49,0
507,6,20,39,0,mi vs sh,7916,1124,Jasprit Bumrah (mi),mi,6,0,0
508,1,5,47,0,mi vs sh,7916,1594,Mustafizur Rahman (mi),mi,1,0,0
509,3,45,69,20,mi vs sh,7916,2740,Hardik Pandya (mi),mi,3,0,0
510,6,110,101,10,mi vs sh,7916,2885,Rashid Khan (sh),sh,0,101,10
511,-5,20,0,40,mi vs sh,7916,2975,Ishan Kishan (mi),mi,-5,0,0
512,29,20,13,0,mi vs sh,7916,3183,Krunal Pandya (mi),mi,29,0,0
513,3,10,72,10,mi vs sh,7916,3825,Basil Thampi (sh),sh,0,72,10
514,1,20,75,0,mi vs sh,7916,4951,Mayank Markande (mi),mi,1,0,0
515,119,60,0,10,rcb vs csk,7917,1,Ms Dhoni (csk),csk,119,0,0
516,3,60,-6,30,rcb vs csk,7917,9,Ravindra Jadeja (csk),csk,3,0,0
517,16,35,0,0,rcb vs csk,7917,14,Suresh Raina (csk),csk,16,0,0
518,31,60,87,10,rcb vs csk,7917,25,Dwayne Bravo (csk),csk,31,0,0
519,-5,0,17,0,rcb vs csk,7917,53,Pawan Negi (rcb),rcb,0,17,0
520,0,40,42,10,rcb vs csk,7917,59,Umesh Yadav (rcb),rcb,0,42,10
521,58,15,0,10,rcb vs csk,7917,72,Mandeep Singh (rcb),rcb,0,0,10
522,138,60,0,0,rcb vs csk,7917,100,Ambati Rayudu (csk),csk,138,0,0
523,0,25,-4,10,rcb vs csk,7917,103,Harbhajan Singh (csk),csk,0,0,0
524,0,15,71,0,rcb vs csk,7917,111,Yuzvendra Chahal (rcb),rcb,0,71,0
525,0,25,9,0,rcb vs csk,7917,140,Deepak Chahar (csk),csk,0,0,0
526,23,15,0,0,rcb vs csk,7917,164,Virat Kohli (rcb),rcb,0,0,0
527,9,85,-8,0,rcb vs csk,7917,227,Shane Watson (csk),csk,9,0,0
528,119,35,0,0,rcb vs csk,7917,233,Ab De Villiers (rcb),rcb,0,0,0
529,21,5,0,0,rcb vs csk,7917,820,Colin De Grandhomme (rcb),rcb,0,0,0
530,86,15,0,15,rcb vs csk,7917,834,Quinton De Kock (rcb),rcb,0,0,15
531,0,20,60,0,rcb vs csk,7917,898,Imran Tahir (csk),csk,0,0,0
532,2,5,-13,0,rcb vs csk,7917,968,Corey Anderson (rcb),rcb,0,-13,0
533,0,25,70,0,rcb vs csk,7917,1745,Shardul Thakur (csk),csk,0,0,0
534,9,45,0,20,rcb vs csk,7917,2756,Sam Billings (csk),csk,9,0,0
535,30,15,-13,0,rcb vs csk,7917,2973,Washington Sundar (rcb),rcb,0,-13,0
536,0,10,-6,10,rcb vs csk,7917,3840,Mohammed Siraj (rcb),rcb,0,-6,10
537,4,35,13,10,sh vs kxp,7918,8,Ravichandran Ashwin (kxp),kxp,4,0,0
538,6,35,0,10,sh vs kxp,7918,16,Wriddhiman Saha (sh),sh,0,0,10
539,16,60,0,0,sh vs kxp,7918,41,Shikhar Dhawan (sh),sh,0,0,0
540,1,10,5,0,sh vs kxp,7918,89,Manoj Tiwary (kxp),kxp,1,0,0
541,28,35,0,0,sh vs kxp,7918,96,Yusuf Pathan (sh),sh,0,0,0
542,81,35,0,20,sh vs kxp,7918,123,Manish Pandey (sh),sh,0,0,20
543,2,35,0,20,sh vs kxp,7918,158,Mayank Agarwal (kxp),kxp,2,0,0
544,10,25,0,0,sh vs kxp,7918,167,Aaron Finch (kxp),kxp,10,0,0
545,28,35,67,0,sh vs kxp,7918,201,Shakib Al Hasan (sh),sh,0,67,0
546,32,75,0,0,sh vs kxp,7918,236,Chris Gayle (kxp),kxp,32,0,0
547,3,35,0,10,sh vs kxp,7918,276,Karun Nair (kxp),kxp,3,0,0
548,-5,85,0,20,sh vs kxp,7918,440,Kane Williamson (sh),sh,0,0,20
549,4,5,-6,0,sh vs kxp,7918,618,Mohammad Nabi (sh),sh,0,-6,0
550,0,35,19,0,sh vs kxp,7918,1086,Siddarth Kaul (sh),sh,0,19,0
551,8,70,172,0,sh vs kxp,7918,1106,Ankit Rajpoot (kxp),kxp,8,0,0
552,0,25,78,0,sh vs kxp,7918,1112,Sandeep Sharma (sh),sh,0,78,0
553,49,85,0,0,sh vs kxp,7918,1125,Lokesh Rahul (kxp),kxp,49,0,0
554,4,35,18,10,sh vs kxp,7918,1480,Andrew Tye (kxp),kxp,4,0,0
555,2,25,14,0,sh vs kxp,7918,2746,Barinder Sran (kxp),kxp,2,0,0
556,0,110,106,0,sh vs kxp,7918,2885,Rashid Khan (sh),sh,0,106,0
557,0,10,66,10,sh vs kxp,7918,3825,Basil Thampi (sh),sh,0,66,10
558,25,60,46,0,sh vs kxp,7918,4572,Mujeeb Ur Rahman (kxp),kxp,25,0,0
559,0,10,90,0,dd vs kkr,7919,30,Amit Mishra (dd),dd,0,90,0
560,2,25,35,0,dd vs kkr,7919,76,Piyush Chawla (kkr),kkr,2,0,0
561,25,25,0,10,dd vs kkr,7919,102,Dinesh Karthik (kkr),kkr,25,0,0
562,1,25,0,0,dd vs kkr,7919,127,Robin Uthappa (kkr),kkr,1,0,0
563,67,25,31,0,dd vs kkr,7919,177,Andre Russell (kkr),kkr,67,0,0
564,5,50,0,0,dd vs kkr,7919,179,Chris Lynn (kkr),kkr,5,0,0
565,57,75,-6,0,dd vs kkr,7919,203,Sunil Narine (kkr),kkr,57,0,0
566,27,15,-1,0,dd vs kkr,7919,213,Mitchell Johnson (kkr),kkr,27,0,0
567,7,25,-8,0,dd vs kkr,7919,261,Kuldeep Yadav (kkr),kkr,7,0,0
568,51,15,43,0,dd vs kkr,7919,282,Glenn Maxwell (dd),dd,0,43,0
569,57,10,0,10,dd vs kkr,7919,773,Colin Munro (dd),dd,0,0,10
570,0,15,49,10,dd vs kkr,7919,969,Trent Boult (dd),dd,0,49,10
571,0,15,6,0,dd vs kkr,7919,1083,Vijay Shankar (dd),dd,0,6,0
572,0,10,72,10,dd vs kkr,7919,1561,Avesh Khan (dd),dd,0,72,10
573,158,40,0,20,dd vs kkr,7919,1563,Shreyas Iyer (dd),dd,0,0,20
574,0,10,-7,0,dd vs kkr,7919,1749,Rahul Tewatia (dd),dd,0,-7,0
575,0,10,19,0,dd vs kkr,7919,1842,Liam Plunkett (dd),dd,0,19,0
576,8,70,0,0,dd vs kkr,7919,2738,Nitish Rana (kkr),kkr,8,0,0
577,-5,40,0,0,dd vs kkr,7919,2972,Rishabh Pant (dd),dd,0,0,0
578,54,20,0,0,dd vs kkr,7919,3761,Shubman Gill (kkr),kkr,54,0,0
579,91,10,0,10,dd vs kkr,7919,3764,Prithvi Shaw (dd),dd,0,0,10
580,-5,20,13,10,dd vs kkr,7919,3779,Shivam Mavi (kkr),kkr,-5,0,0
581,43,60,0,0,csk vs mi,7920,1,Ms Dhoni (csk),csk,0,0,0
582,0,60,0,10,csk vs mi,7920,9,Ravindra Jadeja (csk),csk,0,0,10
583,123,35,0,0,csk vs mi,7920,14,Suresh Raina (csk),csk,0,0,0
584,-5,60,35,0,csk vs mi,7920,25,Dwayne Bravo (csk),csk,0,35,0
585,69,60,0,0,csk vs mi,7920,100,Ambati Rayudu (csk),csk,0,0,0
586,0,25,37,0,csk vs mi,7920,103,Harbhajan Singh (csk),csk,0,37,0
587,90,70,0,0,csk vs mi,7920,107,Rohit Sharma (mi),mi,90,0,0
588,61,45,0,0,csk vs mi,7920,108,Suryakumar Yadav (mi),mi,61,0,0
589,0,25,11,0,csk vs mi,7920,140,Deepak Chahar (csk),csk,0,11,0
590,0,15,0,0,csk vs mi,7920,182,Jp Duminy (mi),mi,0,0,0
591,17,85,-2,0,csk vs mi,7920,227,Shane Watson (csk),csk,0,-2,0
592,0,20,70,0,csk vs mi,7920,730,Mitchell Mcclenaghan (mi),mi,0,0,0
593,66,20,0,10,csk vs mi,7920,872,Evin Lewis (mi),mi,66,0,0
594,0,20,10,0,csk vs mi,7920,898,Imran Tahir (csk),csk,0,10,0
595,0,15,-14,20,csk vs mi,7920,913,Ben Cutting (mi),mi,0,0,0
596,0,20,22,0,csk vs mi,7920,1124,Jasprit Bumrah (mi),mi,0,0,0
597,0,25,14,10,csk vs mi,7920,1745,Shardul Thakur (csk),csk,0,14,10
598,25,45,33,0,csk vs mi,7920,2740,Hardik Pandya (mi),mi,25,0,0
599,3,45,0,0,csk vs mi,7920,2756,Sam Billings (csk),csk,0,0,0
600,0,20,0,0,csk vs mi,7920,2975,Ishan Kishan (mi),mi,0,0,0
601,0,20,69,0,csk vs mi,7920,3183,Krunal Pandya (mi),mi,0,0,0
602,0,20,10,20,csk vs mi,7920,4951,Mayank Markande (mi),mi,0,0,0
603,21,35,0,10,rr vs sh,7921,16,Wriddhiman Saha (sh),sh,0,0,10
604,6,60,0,20,rr vs sh,7921,41,Shikhar Dhawan (sh),sh,0,0,20
605,0,15,14,0,rr vs sh,7921,86,Jaydev Unadkat (rr),rr,0,0,0
606,2,35,32,0,rr vs sh,7921,96,Yusuf Pathan (sh),sh,0,32,0
607,0,15,9,10,rr vs sh,7921,101,Dhawal Kulkarni (rr),rr,0,0,0
608,21,35,0,0,rr vs sh,7921,123,Manish Pandey (sh),sh,0,0,0
609,92,15,0,10,rr vs sh,7921,135,Ajinkya Rahane (rr),rr,92,0,0
610,6,35,14,0,rr vs sh,7921,201,Shakib Al Hasan (sh),sh,0,14,0
611,57,65,0,10,rr vs sh,7921,258,Sanju Samson (rr),rr,57,0,0
612,92,85,0,0,rr vs sh,7921,440,Kane Williamson (sh),sh,0,0,0
613,0,15,0,10,rr vs sh,7921,509,Jos Buttler (rr),rr,0,0,0
614,60,15,0,10,rr vs sh,7921,511,Alex Hales (sh),sh,0,0,10
615,0,35,68,0,rr vs sh,7921,1086,Siddarth Kaul (sh),sh,0,68,0
616,0,25,49,0,rr vs sh,7921,1112,Sandeep Sharma (sh),sh,0,49,0
617,-5,15,17,10,rr vs sh,7921,1154,Ben Stokes (rr),rr,-5,0,0
618,0,0,28,0,rr vs sh,7921,1304,Ish Sodhi (rr),rr,0,0,0
619,1,110,34,0,rr vs sh,7921,2885,Rashid Khan (sh),sh,0,34,0
620,1,0,11,0,rr vs sh,7921,2970,Mahipal Lomror (rr),rr,1,0,0
621,1,30,99,0,rr vs sh,7921,3502,Jofra Archer (rr),rr,1,0,0
622,0,10,7,0,rr vs sh,7921,3825,Basil Thampi (sh),sh,0,7,0
623,8,15,75,0,rr vs sh,7921,3834,Krishnappa Gowtham (rr),rr,8,0,0
624,4,15,0,0,rr vs sh,7921,3838,Rahul Tripathi (rr),rr,4,0,0
625,0,40,-3,0,rcb vs kkr,7922,59,Umesh Yadav (rcb),rcb,0,-3,0
626,28,15,0,0,rcb vs kkr,7922,72,Mandeep Singh (rcb),rcb,0,0,0
627,0,25,20,0,rcb vs kkr,7922,76,Piyush Chawla (kkr),kkr,0,0,0
628,40,25,0,10,rcb vs kkr,7922,102,Dinesh Karthik (kkr),kkr,40,0,0
629,0,15,20,0,rcb vs kkr,7922,111,Yuzvendra Chahal (rcb),rcb,0,20,0
630,62,25,0,0,rcb vs kkr,7922,127,Robin Uthappa (kkr),kkr,62,0,0
631,104,15,0,10,rcb vs kkr,7922,164,Virat Kohli (rcb),rcb,0,0,10
632,-5,25,74,0,rcb vs kkr,7922,177,Andre Russell (kkr),kkr,-5,0,0
633,89,50,0,0,rcb vs kkr,7922,179,Chris Lynn (kkr),kkr,89,0,0
634,57,10,0,0,rcb vs kkr,7922,202,Brendon Mccullum (rcb),rcb,0,0,0
635,44,75,15,0,rcb vs kkr,7922,203,Sunil Narine (kkr),kkr,44,0,0
636,0,15,-12,0,rcb vs kkr,7922,213,Mitchell Johnson (kkr),kkr,0,0,0
637,0,25,46,0,rcb vs kkr,7922,261,Kuldeep Yadav (kkr),kkr,0,0,0
638,0,30,12,10,rcb vs kkr,7922,307,Tim Southee (rcb),rcb,0,12,10
639,23,5,0,10,rcb vs kkr,7922,820,Colin De Grandhomme (rcb),rcb,0,0,10
640,46,15,0,10,rcb vs kkr,7922,834,Quinton De Kock (rcb),rcb,0,0,10
641,-5,10,0,0,rcb vs kkr,7922,1085,Manan Vohra (rcb),rcb,0,0,0
642,25,70,0,0,rcb vs kkr,7922,2738,Nitish Rana (kkr),kkr,25,0,0
643,0,0,63,0,rcb vs kkr,7922,3187,Murugan Ashwin (rcb),rcb,0,63,0
644,5,20,0,10,rcb vs kkr,7922,3761,Shubman Gill (kkr),kkr,5,0,0
645,0,20,17,10,rcb vs kkr,7922,3779,Shivam Mavi (kkr),kkr,0,0,0
646,0,10,63,0,rcb vs kkr,7922,3840,Mohammed Siraj (rcb),rcb,0,63,0
647,96,60,0,0,csk vs dd,7923,1,Ms Dhoni (csk),csk,0,0,0
648,0,60,36,20,csk vs dd,7923,9,Ravindra Jadeja (csk),csk,0,36,20
649,1,35,0,0,csk vs dd,7923,14,Suresh Raina (csk),csk,0,0,0
650,50,10,0,0,csk vs dd,7923,24,Faf Du Plessis (csk),csk,0,0,0
651,0,60,-12,0,csk vs dd,7923,25,Dwayne Bravo (csk),csk,0,-12,0
652,0,10,34,0,csk vs dd,7923,30,Amit Mishra (dd),dd,0,0,0
653,63,60,0,0,csk vs dd,7923,100,Ambati Rayudu (csk),csk,0,0,0
654,0,25,18,0,csk vs dd,7923,103,Harbhajan Singh (csk),csk,0,18,0
655,132,85,-13,10,csk vs dd,7923,227,Shane Watson (csk),csk,0,-13,10
656,6,15,37,0,csk vs dd,7923,282,Glenn Maxwell (dd),dd,6,0,0
657,50,10,0,0,csk vs dd,7923,773,Colin Munro (dd),dd,50,0,0
658,0,15,0,20,csk vs dd,7923,969,Trent Boult (dd),dd,0,0,0
659,94,15,14,0,csk vs dd,7923,1083,Vijay Shankar (dd),dd,94,0,0
660,0,15,0,10,csk vs dd,7923,1118,Karn Sharma (csk),csk,0,0,10
661,0,10,21,0,csk vs dd,7923,1561,Avesh Khan (dd),dd,0,0,0
662,3,40,0,0,csk vs dd,7923,1563,Shreyas Iyer (dd),dd,3,0,0
663,3,10,-8,0,csk vs dd,7923,1749,Rahul Tewatia (dd),dd,3,0,0
664,0,10,-13,10,csk vs dd,7923,1842,Liam Plunkett (dd),dd,0,0,0
665,127,40,0,0,csk vs dd,7923,2972,Rishabh Pant (dd),dd,127,0,0
666,0,10,42,0,csk vs dd,7923,3746,Lungi Ngidi (csk),csk,0,42,0
667,9,10,0,0,csk vs dd,7923,3764,Prithvi Shaw (dd),dd,9,0,0
668,0,5,40,0,csk vs dd,7923,4944,Km Asif (csk),csk,0,40,0
669,0,25,0,0,csk vs dd,7923,140,Deepak Chahar (csk),csk,0,0,0
670,1,40,71,10,rcb vs mi,7924,59,Umesh Yadav (rcb),rcb,0,71,10
671,21,15,0,10,rcb vs mi,7924,72,Mandeep Singh (rcb),rcb,0,0,10
672,-5,70,0,20,rcb vs mi,7924,107,Rohit Sharma (mi),mi,-5,0,0
673,9,45,0,10,rcb vs mi,7924,108,Suryakumar Yadav (mi),mi,9,0,0
674,0,15,24,0,rcb vs mi,7924,111,Yuzvendra Chahal (rcb),rcb,0,24,0
675,49,15,0,10,rcb vs mi,7924,164,Virat Kohli (rcb),rcb,0,0,10
676,13,15,-10,0,rcb vs mi,7924,182,Jp Duminy (mi),mi,13,0,0
677,56,10,0,0,rcb vs mi,7924,202,Brendon Mccullum (rcb),rcb,0,0,0
678,18,5,0,10,rcb vs mi,7924,210,Kieron Pollard (mi),mi,18,0,0
679,1,30,74,0,rcb vs mi,7924,307,Tim Southee (rcb),rcb,0,74,0
680,0,20,38,0,rcb vs mi,7924,730,Mitchell Mcclenaghan (mi),mi,0,0,0
681,44,5,12,0,rcb vs mi,7924,820,Colin De Grandhomme (rcb),rcb,0,12,0
682,7,15,0,20,rcb vs mi,7924,834,Quinton De Kock (rcb),rcb,0,0,20
683,29,15,0,10,rcb vs mi,7924,913,Ben Cutting (mi),mi,29,0,0
684,68,10,0,0,rcb vs mi,7924,1085,Manan Vohra (rcb),rcb,0,0,0
685,0,20,39,0,rcb vs mi,7924,1124,Jasprit Bumrah (mi),mi,0,0,0
686,77,45,93,10,rcb vs mi,7924,2740,Hardik Pandya (mi),mi,77,0,0
687,1,15,-15,0,rcb vs mi,7924,2973,Washington Sundar (rcb),rcb,0,-15,0
688,-5,20,0,0,rcb vs mi,7924,2975,Ishan Kishan (mi),mi,-5,0,0
689,30,20,21,0,rcb vs mi,7924,3183,Krunal Pandya (mi),mi,30,0,0
690,0,10,67,0,rcb vs mi,7924,3840,Mohammed Siraj (rcb),rcb,0,67,0
691,0,20,32,0,rcb vs mi,7924,4951,Mayank Markande (mi),mi,0,0,0
692,0,20,0,0,rcb vs mi,7924,872,Evin Lewis (mi),mi,0,0,0
693,0,0,0,0,rcb vs mi,7924,3187,Murugan Ashwin (rcb),rcb,0,0,0
694,0,10,35,0,dd vs rr,7925,30,Amit Mishra (dd),dd,0,35,0
695,0,10,-14,0,dd vs rr,7925,57,Shahbaz Nadeem (dd),dd,0,-14,0
696,0,15,77,0,dd vs rr,7925,86,Jaydev Unadkat (rr),rr,0,0,0
697,0,15,14,0,dd vs rr,7925,101,Dhawal Kulkarni (rr),rr,0,0,0
698,0,15,0,0,dd vs rr,7925,135,Ajinkya Rahane (rr),rr,0,0,0
699,3,65,0,0,dd vs rr,7925,258,Sanju Samson (rr),rr,3,0,0
700,5,15,6,0,dd vs rr,7925,282,Glenn Maxwell (dd),dd,0,6,0
701,116,15,0,10,dd vs rr,7925,509,Jos Buttler (rr),rr,116,0,0
702,-5,10,0,10,dd vs rr,7925,773,Colin Munro (dd),dd,0,0,10
703,0,15,60,10,dd vs rr,7925,969,Trent Boult (dd),dd,0,60,10
704,34,15,0,10,dd vs rr,7925,1083,Vijay Shankar (dd),dd,0,0,10
705,1,15,9,10,dd vs rr,7925,1154,Ben Stokes (rr),rr,1,0,0
706,0,10,-13,10,dd vs rr,7925,1561,Avesh Khan (dd),dd,0,-13,10
707,81,40,0,0,dd vs rr,7925,1563,Shreyas Iyer (dd),dd,0,0,0
708,0,15,11,10,dd vs rr,7925,1748,Shreyas Gopal (rr),rr,0,0,0
709,1,10,-10,0,dd vs rr,7925,1842,Liam Plunkett (dd),dd,0,-10,0
710,114,40,0,25,dd vs rr,7925,2972,Rishabh Pant (dd),dd,0,0,25
711,0,30,34,0,dd vs rr,7925,3502,Jofra Archer (rr),rr,0,0,0
712,75,10,0,0,dd vs rr,7925,3764,Prithvi Shaw (dd),dd,0,0,0
713,35,15,-13,0,dd vs rr,7925,3834,Krishnappa Gowtham (rr),rr,35,0,0
714,9,15,0,20,dd vs rr,7925,3838,Rahul Tripathi (rr),rr,9,0,0
715,72,10,0,0,dd vs rr,7925,3887,D Arcy Short (rr),rr,72,0,0
716,71,60,0,0,kkr vs csk,7926,1,Ms Dhoni (csk),csk,0,0,0
717,17,60,32,0,kkr vs csk,7926,9,Ravindra Jadeja (csk),csk,0,32,0
718,46,35,0,0,kkr vs csk,7926,14,Suresh Raina (csk),csk,0,0,0
719,49,10,0,0,kkr vs csk,7926,24,Faf Du Plessis (csk),csk,0,0,0
720,0,60,-12,20,kkr vs csk,7926,25,Dwayne Bravo (csk),csk,0,-12,20
721,0,25,67,0,kkr vs csk,7926,76,Piyush Chawla (kkr),kkr,0,0,0
722,26,60,0,0,kkr vs csk,7926,100,Ambati Rayudu (csk),csk,0,0,0
723,72,25,0,10,kkr vs csk,7926,102,Dinesh Karthik (kkr),kkr,72,0,0
724,0,25,40,0,kkr vs csk,7926,103,Harbhajan Singh (csk),csk,0,40,0
725,6,25,0,0,kkr vs csk,7926,127,Robin Uthappa (kkr),kkr,6,0,0
726,0,25,-9,0,kkr vs csk,7926,177,Andre Russell (kkr),kkr,0,0,0
727,31,50,0,0,kkr vs csk,7926,179,Chris Lynn (kkr),kkr,31,0,0
728,56,75,75,0,kkr vs csk,7926,203,Sunil Narine (kkr),kkr,56,0,0
729,0,15,-9,10,kkr vs csk,7926,213,Mitchell Johnson (kkr),kkr,0,0,0
730,55,85,11,10,kkr vs csk,7926,227,Shane Watson (csk),csk,0,11,10
731,0,25,30,0,kkr vs csk,7926,261,Kuldeep Yadav (kkr),kkr,0,0,0
732,0,15,-10,0,kkr vs csk,7926,1118,Karn Sharma (csk),csk,0,-10,0
733,0,10,15,0,kkr vs csk,7926,3746,Lungi Ngidi (csk),csk,0,15,0
734,91,20,0,0,kkr vs csk,7926,3761,Shubman Gill (kkr),kkr,91,0,0
735,0,20,16,10,kkr vs csk,7926,3779,Shivam Mavi (kkr),kkr,0,0,0
736,6,10,0,0,kkr vs csk,7926,3830,Rinku Singh (kkr),kkr,6,0,0
737,0,5,21,0,kkr vs csk,7926,4944,Km Asif (csk),csk,0,21,0
738,0,35,17,0,kxp vs mi,7927,8,Ravichandran Ashwin (kxp),kxp,0,17,0
739,38,70,0,0,kxp vs mi,7927,107,Rohit Sharma (mi),mi,38,0,0
740,88,45,0,10,kxp vs mi,7927,108,Suryakumar Yadav (mi),mi,88,0,0
741,21,25,0,0,kxp vs mi,7927,113,Yuvraj Singh (kxp),kxp,0,0,0
742,23,35,0,0,kxp vs mi,7927,158,Mayank Agarwal (kxp),kxp,0,0,0
743,0,15,11,10,kxp vs mi,7927,182,Jp Duminy (mi),mi,0,0,0
744,79,75,0,0,kxp vs mi,7927,236,Chris Gayle (kxp),kxp,0,0,0
745,37,35,0,0,kxp vs mi,7927,276,Karun Nair (kxp),kxp,0,0,0
746,0,20,42,0,kxp vs mi,7927,730,Mitchell Mcclenaghan (mi),mi,0,0,0
747,0,20,0,10,kxp vs mi,7927,872,Evin Lewis (mi),mi,0,0,0
748,0,15,29,0,kxp vs mi,7927,913,Ben Cutting (mi),mi,0,0,0
749,53,10,11,0,kxp vs mi,7927,964,Marcus Stoinis (kxp),kxp,0,11,0
750,0,70,-2,0,kxp vs mi,7927,1106,Ankit Rajpoot (kxp),kxp,0,-2,0
751,20,10,6,0,kxp vs mi,7927,1113,Axar Patel (kxp),kxp,0,6,0
752,0,20,46,0,kxp vs mi,7927,1124,Jasprit Bumrah (mi),mi,0,0,0
753,33,85,0,20,kxp vs mi,7927,1125,Lokesh Rahul (kxp),kxp,0,0,20
754,0,35,33,0,kxp vs mi,7927,1480,Andrew Tye (kxp),kxp,0,33,0
755,35,45,18,20,kxp vs mi,7927,2740,Hardik Pandya (mi),mi,35,0,0
756,46,20,0,0,kxp vs mi,7927,2975,Ishan Kishan (mi),mi,46,0,0
757,60,20,6,10,kxp vs mi,7927,3183,Krunal Pandya (mi),mi,60,0,0
758,0,60,66,0,kxp vs mi,7927,4572,Mujeeb Ur Rahman (kxp),kxp,0,66,0
759,0,20,31,0,kxp vs mi,7927,4951,Mayank Markande (mi),mi,0,0,0
760,52,60,0,30,csk vs rcb,7928,1,Ms Dhoni (csk),csk,52,0,0
761,0,60,103,10,csk vs rcb,7928,9,Ravindra Jadeja (csk),csk,0,0,0
762,42,35,0,10,csk vs rcb,7928,14,Suresh Raina (csk),csk,42,0,0
763,6,60,8,0,csk vs rcb,7928,25,Dwayne Bravo (csk),csk,6,0,0
764,1,40,78,0,csk vs rcb,7928,59,Umesh Yadav (rcb),rcb,0,78,0
765,7,15,0,10,csk vs rcb,7928,72,Mandeep Singh (rcb),rcb,0,0,10
766,51,60,0,10,csk vs rcb,7928,100,Ambati Rayudu (csk),csk,51,0,0
767,0,25,71,0,csk vs rcb,7928,103,Harbhajan Singh (csk),csk,0,0,0
768,0,15,34,0,csk vs rcb,7928,111,Yuzvendra Chahal (rcb),rcb,0,34,0
769,8,15,0,0,csk vs rcb,7928,164,Virat Kohli (rcb),rcb,0,0,0
770,5,10,0,0,csk vs rcb,7928,202,Brendon Mccullum (rcb),rcb,0,0,0
771,1,85,0,0,csk vs rcb,7928,227,Shane Watson (csk),csk,1,0,0
772,1,35,0,0,csk vs rcb,7928,233,Ab De Villiers (rcb),rcb,0,0,0
773,53,30,11,10,csk vs rcb,7928,307,Tim Southee (rcb),rcb,0,11,10
774,8,5,46,0,csk vs rcb,7928,820,Colin De Grandhomme (rcb),rcb,0,46,0
775,0,25,10,10,csk vs rcb,7928,1745,Shardul Thakur (csk),csk,0,0,0
776,1,0,42,0,csk vs rcb,7928,3187,Murugan Ashwin (rcb),rcb,0,42,0
777,0,10,45,0,csk vs rcb,7928,3746,Lungi Ngidi (csk),csk,0,0,0
778,3,10,10,10,csk vs rcb,7928,3840,Mohammed Siraj (rcb),rcb,0,10,10
779,0,5,0,0,csk vs rcb,7928,4944,Km Asif (csk),csk,0,0,0
780,0,35,0,10,sh vs dd,7929,16,Wriddhiman Saha (sh),sh,0,0,0
781,0,10,74,0,sh vs dd,7929,30,Amit Mishra (dd),dd,0,74,0
782,50,60,0,10,sh vs dd,7929,41,Shikhar Dhawan (sh),sh,50,0,0
783,56,35,0,0,sh vs dd,7929,96,Yusuf Pathan (sh),sh,56,0,0
784,0,20,12,0,sh vs dd,7929,116,Bhuvneshwar Kumar (sh),sh,0,0,0
785,26,35,0,0,sh vs dd,7929,123,Manish Pandey (sh),sh,26,0,0
786,7,5,8,0,sh vs dd,7929,181,Dan Christian (dd),dd,0,8,0
787,0,35,11,0,sh vs dd,7929,201,Shakib Al Hasan (sh),sh,0,0,0
788,2,15,17,0,sh vs dd,7929,282,Glenn Maxwell (dd),dd,0,17,0
789,49,85,0,0,sh vs dd,7929,440,Kane Williamson (sh),sh,49,0,0
790,66,15,0,0,sh vs dd,7929,511,Alex Hales (sh),sh,66,0,0
791,0,15,18,0,sh vs dd,7929,969,Trent Boult (dd),dd,0,18,0
792,35,15,0,0,sh vs dd,7929,1083,Vijay Shankar (dd),dd,0,0,0
793,0,35,31,10,sh vs dd,7929,1086,Siddarth Kaul (sh),sh,0,0,0
794,0,25,11,10,sh vs dd,7929,1112,Sandeep Sharma (sh),sh,0,0,0
795,0,10,-10,0,sh vs dd,7929,1561,Avesh Khan (dd),dd,0,-10,0
796,63,40,0,0,sh vs dd,7929,1563,Shreyas Iyer (dd),dd,0,0,0
797,0,10,36,0,sh vs dd,7929,1842,Liam Plunkett (dd),dd,0,36,0
798,0,110,69,10,sh vs dd,7929,2885,Rashid Khan (sh),sh,0,0,0
799,8,40,0,0,sh vs dd,7929,2972,Rishabh Pant (dd),dd,0,0,0
800,101,10,0,10,sh vs dd,7929,3764,Prithvi Shaw (dd),dd,0,0,10
801,0,25,-4,0,mi vs kkr,7930,76,Piyush Chawla (kkr),kkr,0,0,0
802,53,25,0,10,mi vs kkr,7930,102,Dinesh Karthik (kkr),kkr,53,0,0
803,16,70,0,10,mi vs kkr,7930,107,Rohit Sharma (mi),mi,0,0,10
804,93,45,0,0,mi vs kkr,7930,108,Suryakumar Yadav (mi),mi,0,0,0
805,90,25,0,0,mi vs kkr,7930,127,Robin Uthappa (kkr),kkr,90,0,0
806,9,25,65,0,mi vs kkr,7930,177,Andre Russell (kkr),kkr,9,0,0
807,22,50,0,10,mi vs kkr,7930,179,Chris Lynn (kkr),kkr,22,0,0
808,20,15,0,0,mi vs kkr,7930,182,Jp Duminy (mi),mi,0,0,0
809,5,75,63,0,mi vs kkr,7930,203,Sunil Narine (kkr),kkr,5,0,0
810,0,15,12,0,mi vs kkr,7930,213,Mitchell Johnson (kkr),kkr,0,0,0
811,0,25,9,0,mi vs kkr,7930,261,Kuldeep Yadav (kkr),kkr,0,0,0
812,0,20,40,0,mi vs kkr,7930,730,Mitchell Mcclenaghan (mi),mi,0,40,0
813,67,20,0,0,mi vs kkr,7930,872,Evin Lewis (mi),mi,0,0,0
814,0,15,-6,10,mi vs kkr,7930,913,Ben Cutting (mi),mi,0,-6,10
815,0,20,35,20,mi vs kkr,7930,1124,Jasprit Bumrah (mi),mi,0,35,20
816,48,70,10,0,mi vs kkr,7930,2738,Nitish Rana (kkr),kkr,48,0,0
817,57,45,78,0,mi vs kkr,7930,2740,Hardik Pandya (mi),mi,0,78,0
818,0,20,0,0,mi vs kkr,7930,2975,Ishan Kishan (mi),mi,0,0,0
819,21,20,32,20,mi vs kkr,7930,3183,Krunal Pandya (mi),mi,0,32,20
820,7,20,0,10,mi vs kkr,7930,3761,Shubman Gill (kkr),kkr,7,0,0
821,0,20,34,0,mi vs kkr,7930,4951,Mayank Markande (mi),mi,0,34,0
822,0,35,40,10,kxp vs rr,7931,8,Ravichandran Ashwin (kxp),kxp,0,0,0
823,6,15,22,0,kxp vs rr,7931,86,Jaydev Unadkat (rr),rr,0,22,0
824,0,10,0,10,kxp vs rr,7931,89,Manoj Tiwary (kxp),kxp,0,0,0
825,5,15,0,0,kxp vs rr,7931,135,Ajinkya Rahane (rr),rr,0,0,0
826,2,35,0,0,kxp vs rr,7931,158,Mayank Agarwal (kxp),kxp,2,0,0
827,8,75,0,10,kxp vs rr,7931,236,Chris Gayle (kxp),kxp,8,0,0
828,45,65,0,10,kxp vs rr,7931,258,Sanju Samson (rr),rr,0,0,10
829,50,35,0,10,kxp vs rr,7931,276,Karun Nair (kxp),kxp,50,0,0
830,76,15,0,0,kxp vs rr,7931,509,Jos Buttler (rr),rr,0,0,0
831,30,10,11,10,kxp vs rr,7931,964,Marcus Stoinis (kxp),kxp,30,0,0
832,0,70,9,0,kxp vs rr,7931,1106,Ankit Rajpoot (kxp),kxp,0,0,0
833,4,10,37,0,kxp vs rr,7931,1113,Axar Patel (kxp),kxp,4,0,0
834,130,85,0,20,kxp vs rr,7931,1125,Lokesh Rahul (kxp),kxp,130,0,0
835,17,15,34,0,kxp vs rr,7931,1154,Ben Stokes (rr),rr,0,34,0
836,0,35,67,10,kxp vs rr,7931,1480,Andrew Tye (kxp),kxp,0,0,0
837,34,15,10,0,kxp vs rr,7931,1748,Shreyas Gopal (rr),rr,0,10,0
838,-5,30,17,0,kxp vs rr,7931,3502,Jofra Archer (rr),rr,0,17,0
839,5,15,41,0,kxp vs rr,7931,3834,Krishnappa Gowtham (rr),rr,0,41,0
840,1,15,0,10,kxp vs rr,7931,3838,Rahul Tripathi (rr),rr,0,0,10
841,2,10,0,10,kxp vs rr,7931,3887,D Arcy Short (rr),rr,0,0,10
842,0,60,98,0,kxp vs rr,7931,4572,Mujeeb Ur Rahman (kxp),kxp,0,0,0
843,10,35,0,10,sh vs rcb,7932,16,Wriddhiman Saha (sh),sh,0,0,10
844,-2,60,0,0,sh vs rcb,7932,41,Shikhar Dhawan (sh),sh,0,0,0
845,0,40,33,10,sh vs rcb,7932,59,Umesh Yadav (rcb),rcb,0,0,0
846,11,15,0,10,sh vs rcb,7932,72,Mandeep Singh (rcb),rcb,11,0,0
847,22,35,0,10,sh vs rcb,7932,96,Yusuf Pathan (sh),sh,0,0,10
848,0,15,39,0,sh vs rcb,7932,111,Yuzvendra Chahal (rcb),rcb,0,0,0
849,1,20,40,0,sh vs rcb,7932,116,Bhuvneshwar Kumar (sh),sh,0,40,0
850,5,35,0,0,sh vs rcb,7932,123,Manish Pandey (sh),sh,0,0,0
851,56,15,0,30,sh vs rcb,7932,164,Virat Kohli (rcb),rcb,56,0,0
852,50,35,62,0,sh vs rcb,7932,201,Shakib Al Hasan (sh),sh,0,62,0
853,5,35,0,0,sh vs rcb,7932,233,Ab De Villiers (rcb),rcb,5,0,0
854,0,30,98,10,sh vs rcb,7932,307,Tim Southee (rcb),rcb,0,0,0
855,85,85,0,0,sh vs rcb,7932,440,Kane Williamson (sh),sh,0,0,0
856,5,15,0,0,sh vs rcb,7932,511,Alex Hales (sh),sh,0,0,0
857,52,5,12,0,sh vs rcb,7932,820,Colin De Grandhomme (rcb),rcb,52,0,0
858,8,10,0,0,sh vs rcb,7932,1085,Manan Vohra (rcb),rcb,8,0,0
859,1,35,36,0,sh vs rcb,7932,1086,Siddarth Kaul (sh),sh,0,36,0
860,0,25,45,0,sh vs rcb,7932,1112,Sandeep Sharma (sh),sh,0,45,0
861,1,110,42,0,sh vs rcb,7932,2885,Rashid Khan (sh),sh,0,42,0
862,0,10,102,0,sh vs rcb,7932,3840,Mohammed Siraj (rcb),rcb,0,0,0
